time,solution
18.888248,607386
37.358274,607335
55.044967,606312
72.048187,603961
118.291735,602848
374.598791,601682
450.872136,600879
927.994592,599518
