time,solution
30.467684,607386
75.723133,604541
351.002814,601876
388.309605,601431
653.1321899999999,601401
895.589252,600457
907.67075,600069
