time,solution
15.019713999999999,635382
35.016174,635034
61.450939,633647
98.103787,630582
133.77088799999999,627776
183.22695399999998,627473
221.24230699999998,627035
941.587451,624929
976.4562109999999,624765
