time,solution
18.562238,607386
31.554997,605558
62.414597,603514
107.344262,603069
116.336133,602803
136.249947,601206
648.740183,600158
968.2381230000001,600035
1032.393512,600010
