time,solution
29.940057,607386
114.19968499999999,605334
358.95912,601658
