time,solution
14.621808999999999,635382
34.942795,634328
57.278681,627350
68.07595500000001,627124
208.273784,626502
661.968259,626437
690.307383,626399
