time,solution
18.670571000000002,607386
116.979259,605311
246.241526,604770
257.48477299999996,603425
294.73182799999995,603422
364.99904399999997,602725
544.2871279999999,602634
597.233401,600991
619.768146,600934
