time,solution
18.700245000000002,607386
56.322353,603284
532.523494,601749
572.992967,600420
600.633149,600306
629.459622,600298
