time,solution
30.297308,607386
159.688738,607275
198.08726000000001,605826
268.343669,602245
1009.995591,601469
