time,solution
19.09709,607386
36.737622,604371
70.284498,603409
96.18986,601724
188.48439100000002,600932
203.38519,600586
320.674778,599719
