time,solution
14.789126999999999,635382
19.280482,634457
54.866016,630954
88.12282400000001,628568
102.803786,628528
208.39583100000002,627758
