time,solution
15.036486,635382
72.774818,631453
141.07974700000003,629805
394.22063,627848
415.592233,627821
437.52279200000004,627809
