time,solution
14.874464999999999,635382
25.413681,635011
40.161114,634163
103.495891,631715
125.96118100000001,631496
174.525394,630937
220.868043,628975
329.681384,628308
