time,solution
14.718333,635382
42.230154,627598
59.630846,627545
71.810019,627392
192.877691,626839
216.581357,624249
252.34634799999998,623723
