time,solution
30.146506000000002,607386
42.059505,606427
70.042952,604501
204.564873,602335
