time,solution
15.033854,635382
41.063334,626335
168.291121,626065
272.476552,625790
369.02765300000004,625625
