time,solution
14.688651,635382
30.669423,630861
74.149876,630636
90.784537,630399
102.146395,630150
111.267193,629252
