time,solution
19.028675,607386
22.649605,606427
37.356386,602103
413.79213999999996,601124
554.841122,599113
608.4363050000001,598928
