time,solution
15.183593,635382
43.113436,626875
236.289141,626754
261.51052699999997,626467
359.27414799999997,626449
411.069891,626176
