time,solution
14.713821000000001,635382
51.17827,631536
58.560365,631329
126.844161,631194
146.111469,631090
271.899265,629429
414.745362,629294
458.83036699999997,627421
505.453534,625131
