time,solution
14.976645,635382
97.305611,631900
119.862943,631238
143.114372,630870
202.27451,630440
365.770185,630393
448.976651,629968
614.333159,628127
941.376129,624703
