time,solution
15.051825,635382
34.488977,631118
72.230062,627621
