time,solution
15.16494,635382
35.981119,632647
45.368590999999995,631974
225.225052,629090
255.395853,628350
718.8868279999999,627536
767.29729,626839
852.3148239999999,626773
