time,solution
14.745821,635382
33.232972000000004,633781
67.75149599999999,627258
119.134822,627113
131.667726,627078
659.229312,626405
821.75339,626344
864.471441,625337
