time,solution
15.109174000000001,635382
50.617853999999994,632684
321.76438099999996,629880
619.1914879999999,629126
