time,solution
15.210223,635382
42.1541,634557
106.263901,633874
194.065186,629713
205.09087200000002,629409
