time,solution
14.679112,635382
29.228733,633160
53.46134,632718
102.57215599999999,632214
137.61008700000002,630423
314.216748,630315
