time,solution
29.965049,607386
188.375697,606404
397.209808,606394
626.213313,603134
887.289051,602326
916.969395,602218
966.2265349999999,601277
