time,solution
14.787688000000001,635382
30.28555,631365
53.63157,631268
72.08002699999999,630990
123.10626199999999,630280
149.753067,629758
157.441235,627730
173.415111,627498
237.113758,627484
792.989238,626417
