time,solution
18.686908,607386
41.12079,606930
51.167671,605113
68.060602,604750
79.38236500000001,603349
107.776705,602822
422.604099,602416
1011.8451699999999,601535
