time,solution
30.059068,607386
240.304528,602175
466.180477,601231
566.348329,601017
