time,solution
14.707564000000001,635382
58.253455,630910
86.279428,629888
124.157284,626868
