time,solution
29.981961000000002,607386
75.796577,607201
120.572598,603172
826.495845,601436
846.295615,601133
887.3887520000001,599341
896.581759,599304
