time,solution
14.974923,635382
26.282966000000002,635352
44.407985999999994,630494
67.36610499999999,630354
100.349026,629176
357.855837,628524
390.763273,627989
505.07758700000005,627759
557.6182759999999,627567
