time,solution
30.856469,607386
75.25895200000001,607252
355.283981,600833
