time,solution
15.060461,635382
29.129873,635378
68.04736199999999,629277
97.66726,629233
121.038987,629049
308.051666,629025
349.87561400000004,628496
379.149989,627492
449.706223,626710
510.017709,626557
