time,solution
30.09085,607386
122.713584,606313
623.594717,604009
680.756432,603546
756.51355,603435
817.5687909999999,603408
837.6306969999999,602760
877.7781729999999,602501
915.366348,602123
