time,solution
15.196883999999999,635382
114.116061,631732
265.547414,631626
336.699289,630704
414.926328,627435
516.101269,624758
920.821627,624106
