time,solution
30.532906999999998,607386
135.98991199999998,607275
214.95558,606983
409.79072,602695
455.892307,601888
524.701146,601327
628.982306,598190
721.242412,598138
