time,solution
30.119457,607386
160.375295,604935
301.366402,603062
459.93411399999997,601914
513.452172,599897
970.9727700000001,599177
