time,solution
14.806935,635382
32.368825,635223
46.990283000000005,634680
55.939134,633759
99.89276699999999,632920
201.886161,630985
866.0547140000001,630746
