time,solution
30.058105,607386
84.398602,605879
97.481891,605791
524.395716,604762
672.890192,603882
769.995877,600273
828.129767,600213
916.834406,599249
983.098529,599202
989.3001869999999,599093
