time,solution
14.940095,635382
38.662088,631477
63.365767,630659
