time,solution
14.697922,635382
35.446954999999996,627598
45.964617,627488
