time,solution
29.98289,607386
40.053163,606776
113.07120499999999,603640
815.6236230000001,603198
848.760752,601916
884.089587,600813
979.053216,600678
