time,solution
18.643685,607386
27.146942,606789
40.623102,606655
58.388224,602030
320.366536,599491
491.950802,598661
583.4500290000001,597971
