time,solution
18.670896,607386
51.09584099999999,606789
103.202648,606430
170.96585,605272
225.505236,601010
