time,solution
14.705820000000001,635382
42.178052,627598
57.930506,627441
99.303661,625554
